pdb,format,antigen,kd_nM,method,source,resolution,temperature_K,ph,species,pubmed_id,curated,curation_source,missing_loops_modeled,heteroatoms_removed,clashes_fixed,hydrogens_added,dG_exp_raw_kcal_mol,dG_exp_kcal_mol,normalized_T_K,pKd
10bt,Fab,X-ray Crystal Structure of A High-Affinity Monoclonal Antibody Sequesters Xylazine,,X-RAY DIFFRACTION,SAbDab,,298.15,7.0,human,,true,biopython,true,true,true,true,,,298.15,
10ev,Fab,"OX1-Matured in complex with GluN1-GluN2B, full refinement",,X-RAY DIFFRACTION,SAbDab,,298.15,7.0,human,,true,biopython,true,true,true,true,,,298.15,
10fe,Fab,"OX1-Germline in complex with GluN1-GluN2B, full refinement",,X-RAY DIFFRACTION,SAbDab,,298.15,7.0,human,,true,biopython,true,true,true,true,,,298.15,
10gh,Fab,Cryo-EM structure of Receptor Tyrosine Kinase ROS1 in complex with Fab-RX5,,X-RAY DIFFRACTION,SAbDab,,298.15,7.0,human,,true,biopython,true,true,true,true,,,298.15,
10op,Fab,"Cryo-EM structure of Sudan Ebolavirus GP bound by three neutralizing antibodies 545S, 523S and 294S",,X-RAY DIFFRACTION,SAbDab,,298.15,7.0,human,,true,biopython,true,true,true,true,,,298.15,
10or,Fab,"Cryo-EM structure of Sudan Ebolavirus GP bound by three neutralizing antibodies 316L, 523S and 294S",,X-RAY DIFFRACTION,SAbDab,,298.15,7.0,human,,true,biopython,true,true,true,true,,,298.15,
11hk,Fab,Protein,,X-RAY DIFFRACTION,SAbDab,,298.15,7.0,human,,true,biopython,true,true,true,true,,,298.15,
11hw,Fab,Protein,,X-RAY DIFFRACTION,SAbDab,,298.15,7.0,human,,true,biopython,true,true,true,true,,,298.15,
11ol,Fab,SARS-CoV-2 Omicron BA.4 RBD in complex with Omi32 Fab and LC-Kappa VHH,,X-RAY DIFFRACTION,SAbDab,,298.15,7.0,human,,true,biopython,true,true,true,true,,,298.15,
11oo,Fab,SARS-CoV-2 Omicron BA.4 RBD in complex with Omi32 germline Fab and LC-Kappa VHH,,X-RAY DIFFRACTION,SAbDab,,298.15,7.0,human,,true,biopython,true,true,true,true,,,298.15,
11oq,Fab,SARS-CoV-2 Omicron BA.1 RBD in complex with Omi32 germline Fab and LC-Kappa VHH,,X-RAY DIFFRACTION,SAbDab,,298.15,7.0,human,,true,biopython,true,true,true,true,,,298.15,
11or,Fab,Omi32 Fab in complex with LC-Kappa VHH,,X-RAY DIFFRACTION,SAbDab,,298.15,7.0,human,,true,biopython,true,true,true,true,,,298.15,
11ou,Fab,Omi32 germline Fab in complex with LC-Kappa VHH,,X-RAY DIFFRACTION,SAbDab,,298.15,7.0,human,,true,biopython,true,true,true,true,,,298.15,
11sz,Fab,Antibody (1B2) Bound Rifamycin Synthetase Module 2,,X-RAY DIFFRACTION,SAbDab,,298.15,7.0,human,,true,biopython,true,true,true,true,,,298.15,
11td,Fab,Structure of human CCR4 in apo state,,X-RAY DIFFRACTION,SAbDab,,298.15,7.0,human,,true,biopython,true,true,true,true,,,298.15,
11tf,Fab,Structure of human CCR4 in complex with PRT193,,X-RAY DIFFRACTION,SAbDab,,298.15,7.0,human,,true,biopython,true,true,true,true,,,298.15,
11th,Fab,Structure of human CCR4 in complex with FLX475,,X-RAY DIFFRACTION,SAbDab,,298.15,7.0,human,,true,biopython,true,true,true,true,,,298.15,
11tk,Fab,Structure of human CCR4 in complex with AZD2098,,X-RAY DIFFRACTION,SAbDab,,298.15,7.0,human,,true,biopython,true,true,true,true,,,298.15,
11tl,Fab,Structure of human CCR4 in complex with GSK2239633A,,X-RAY DIFFRACTION,SAbDab,,298.15,7.0,human,,true,biopython,true,true,true,true,,,298.15,
12fc,Fab,Crystal structure of unliganded Fab 7118,,X-RAY DIFFRACTION,SAbDab,,298.15,7.0,human,,true,biopython,true,true,true,true,,,298.15,
12fd,Fab,Crystal structure of unliganded Fab 7160,,X-RAY DIFFRACTION,SAbDab,,298.15,7.0,human,,true,biopython,true,true,true,true,,,298.15,
12fe,Fab,Crystal structure of unliganded Fab 399,,X-RAY DIFFRACTION,SAbDab,,298.15,7.0,human,,true,biopython,true,true,true,true,,,298.15,
12qj,Fab,Pneumococcal choline binding CbpE surface protein bounds to 5992-2 Fab,,X-RAY DIFFRACTION,SAbDab,,298.15,7.0,human,,true,biopython,true,true,true,true,,,298.15,
13fj,Fab,TGFB1 IN COMPLEX WITH NIS793 FAB,,X-RAY DIFFRACTION,SAbDab,,298.15,7.0,human,,true,biopython,true,true,true,true,,,298.15,
13fl,Fab,Structure of FabS1CE2_P2a in complex with the N-terminal domain of PD-L1,,X-RAY DIFFRACTION,SAbDab,,298.15,7.0,human,,true,biopython,true,true,true,true,,,298.15,
22gi,Fab,3D1 Fab in complex with pepAVVNQN,,X-RAY DIFFRACTION,SAbDab,,298.15,7.0,human,,true,biopython,true,true,true,true,,,298.15,
22ps,Fab,Structure of ozureprubart Fab in complex with human IgE-Fc,,X-RAY DIFFRACTION,SAbDab,,298.15,7.0,human,,true,biopython,true,true,true,true,,,298.15,
24qh,Fab,Cryo-EM Structure of the FFAR4-Gi complex with unknown density,,X-RAY DIFFRACTION,SAbDab,,298.15,7.0,human,,true,biopython,true,true,true,true,,,298.15,
24xb,Fab,Cryo-EM Structure of the Apo FFAR4-Gq Complex,,X-RAY DIFFRACTION,SAbDab,,298.15,7.0,human,,true,biopython,true,true,true,true,,,298.15,
25pv,Fab,Structure of the anthrax protective antigen in complex with a potent neutralizing antibody,,X-RAY DIFFRACTION,SAbDab,,298.15,7.0,human,,true,biopython,true,true,true,true,,,298.15,
26xh,Fab,Cryo-EM structure of Maleic Acid bound OXGR1-Gq complex,,X-RAY DIFFRACTION,SAbDab,,298.15,7.0,human,,true,biopython,true,true,true,true,,,298.15,
35uh,Fab,Crystal structure of TFPI K2 domain in complex with TFPI-23 Fab fragment,,X-RAY DIFFRACTION,SAbDab,,298.15,7.0,human,,true,biopython,true,true,true,true,,,298.15,
35ui,Fab,Crystal structure of TFPI K2 domain in complex with TFPI-24 Fab fragment,,X-RAY DIFFRACTION,SAbDab,,298.15,7.0,human,,true,biopython,true,true,true,true,,,298.15,
35uj,Fab,Crystal structure of TFPI K2 domain in complex with 4D8 Fab fragment,,X-RAY DIFFRACTION,SAbDab,,298.15,7.0,human,,true,biopython,true,true,true,true,,,298.15,
9tux,Fab,PfRIPR bound to monoclonal antibody MAD8-66,,X-RAY DIFFRACTION,SAbDab,,298.15,7.0,human,,true,biopython,true,true,true,true,,,298.15,
9tuy,Fab,PfRIPR EGF6 and 7 bound to monoclonal antibody MAD8-739,,X-RAY DIFFRACTION,SAbDab,,298.15,7.0,human,,true,biopython,true,true,true,true,,,298.15,
9tuz,Fab,PfRIPR bound to monoclonal antibody MAD8-2,,X-RAY DIFFRACTION,SAbDab,,298.15,7.0,human,,true,biopython,true,true,true,true,,,298.15,
9zwe,Fab,Protein,,X-RAY DIFFRACTION,SAbDab,,298.15,7.0,human,,true,biopython,true,true,true,true,,,298.15,
